date,type,topic,reach,likes,comments,saves,shares,profile_visits,dm_inquiries,signups
2026-10-07,카드뉴스,후기,500,30,2,10,1,5,0,0
2026-09-29,카드뉴스,협동조합소개,900,50,4,15,3,30,0,0
2026-10-07,릴스,후기,1000,60,3,20,2,8,0,0
2026-10-05,카드뉴스,협동조합소개,800,40,3,8,2,20,0,0
2026-10-07,피드,후기,200,12,1,4,0,3,0,0
2026-09-30,릴스,제품,1300,95,6,7,1,28,0,0
2026-10-07,카드뉴스,후기,300,18,2,6,1,4,0,0
2026-10-06,피드,제품,1000,55,4,5,1,12,0,0
2026-10-07,릴스,후기,400,22,2,8,0,6,0,0
2026-10-01,카드뉴스,후기,650,60,9,22,5,45,1,1
2026-10-07,피드,후기,600,31,2,12,1,7,0,0
2026-10-08,피드,스터디모집,400,18,1,3,0,15,1,0
2026-10-07,카드뉴스,후기,700,40,3,14,2,9,0,0
2026-10-02,피드,스터디모집,420,20,2,3,0,18,2,1
2026-10-07,릴스,후기,800,44,4,16,1,10,0,0
2026-10-09,카드뉴스,이벤트,300,20,1,9,2,6,0,0
2026-10-07,피드,후기,900,50,5,18,2,11,0,0
2026-10-03,릴스,제품,1100,70,5,6,1,20,0,0
2026-10-07,카드뉴스,후기,100,6,0,2,0,1,0,0
2026-10-10,릴스,이벤트,500,25,2,6,1,4,0,0
2026-10-07,릴스,후기,1200,66,4,24,3,13,0,0
2026-10-04,카드뉴스,후기,700,45,3,21,4,30,0,0
